CHROM	marker	trait	startPOS	peakPOS	endPOS	peak_id	narrow_h2
I	I:2535189	t89_mean	2190874	2535189	3060001	1	0.1513279499941659
II	II:873169	t89_mean	2419	873169	1469463	2	0.1513279499941659
II	II:13208867	t89_mean	12906422	13208867	14197294	3	0.1513279499941659
III	III:3363582	t89_mean	2840634	3363582	3826415	4	0.1513279499941659
III	III:12671802	t89_mean	12050787	12671802	13208614	5	0.1513279499941659
X	X:2845386	t89_mean	1447600	2845386	3820231	6	0.1513279499941659
X	X:14744856	t89_mean	13688273	14744856	15231608	7	0.1513279499941659
II	II:38586	t97_mean	2419	38586	329275	1	0
