strain	mean_ls
CB4856	24.4654425122361
CX11314	30.7123945091416
DL238	20.1825794241312
ECA191	18.3238125179152
ECA36	23.5480658595411
ECA396	19.800329265691
ECA740	22.9445187794005
ECA744	19.5352726539043
ED3017	23.1401242724204
EG4725	24.3770299176071
JT11398	24.9374732831166
JU2526	23.7244292456786
JU258	21.5733157650267
JU2600	26.080661221335
JU775	24.0720127204927
LKC34	23.07332039854
MY16	21.9364232317551
MY23	25.7823205122588
N2	20.6206929539397
XZ1516	19.1172487217846
